{
	"themeColor":"#160D08",
	"resource":[
		{
			"description":"付款码背景",
			"position":"z01.0001",
			"type":"image",
			"imageList":[
				{
					"path":"background_2x1",
					"resolution":2
				},
				{
					"path":"background_16x9",
					"resolution":1.78
				},
				{
					"path":"background_4x3",
					"resolution":1.33
				}
			]
		},
		{
			"gradient":{
				"start":"#160D08",
				"end":"#160D08",
				"degrade":0
			},
			"description":"付款码卡头背景颜色",
			"position":"z02.0001",
			"type":"gradient"
		},
		{
			"image":"logo",
			"description":"付款码卡头中间logo",
			"position":"z02.0002",
			"type":"image"
		},
		{
			"image":"mask",
			"description":"付款码卡头右侧水印",
			"position":"z02.0003",
			"type":"image"
		}
	],
	"ltpDrawer":"dark",
	"description":"财富黑卡新春皮肤",
	"skinId":"SKINC2024"
}